{
    "Face": {
        "accuracy": {
            "values": [
                66.95205479452055,
                64.38356164383562,
                65.75342465753424,
                66.78082191780823,
                66.95205479452055
            ],
            "mean": 66.16438356164385,
            "std": 0.9960986008389723
        },
        "macro_fscore": {
            "values": [
                65.84001600139096,
                62.725458379616505,
                64.38386135471941,
                65.38039839421168,
                65.86126648706006
            ],
            "mean": 64.83820012339973,
            "std": 1.184430681413659
        },
        "weighted_fscore": {
            "values": [
                65.84001600139098,
                62.7254583796165,
                64.38386135471941,
                65.38039839421168,
                65.86126648706006
            ],
            "mean": 64.83820012339973,
            "std": 1.1844306814136638
        }
    },
    "Bird": {
        "accuracy": {
            "values": [
                89.81481481481481,
                87.03703703703704,
                85.18518518518519,
                87.96296296296296,
                86.11111111111111
            ],
            "mean": 87.22222222222221,
            "std": 1.5930231976004827
        },
        "macro_fscore": {
            "values": [
                89.66507177033492,
                86.81548657132892,
                84.76190476190474,
                87.72619984264358,
                85.90691605045672
            ],
            "mean": 86.97511579933378,
            "std": 1.6652222467989932
        },
        "weighted_fscore": {
            "values": [
                89.8032961190856,
                87.00538697050732,
                85.04409171075838,
                87.91561033889907,
                86.09540379875308
            ],
            "mean": 87.17275778760069,
            "std": 1.6242835775061892
        }
    },
    "PosSent": {
        "accuracy": {
            "values": [
                94.89999999999999,
                95.8,
                95.1,
                95.8,
                95.8
            ],
            "mean": 95.47999999999999,
            "std": 0.39698866482558637
        },
        "macro_fscore": {
            "values": [
                94.85741424738256,
                95.77931866144107,
                95.05725015660447,
                95.77429078513677,
                95.77294685990339
            ],
            "mean": 95.44824414209366,
            "std": 0.4057843927326104
        },
        "weighted_fscore": {
            "values": [
                94.8836208643779,
                95.79586373228823,
                95.08299199778887,
                95.79274868298731,
                95.791884057971
            ],
            "mean": 95.46942186708267,
            "std": 0.40188984671095007
        }
    },
    "LabelMe": {
        "accuracy": {
            "values": [
                78.4,
                78.5,
                77.2,
                78.3,
                76.9
            ],
            "mean": 77.86000000000001,
            "std": 0.6711184694224991
        },
        "macro_fscore": {
            "values": [
                77.70783967598186,
                77.97945320168525,
                76.64384639642599,
                77.7219452224504,
                76.40649448917665
            ],
            "mean": 77.29191579714404,
            "std": 0.6379013251294926
        },
        "weighted_fscore": {
            "values": [
                77.53225366289965,
                77.91259131668608,
                76.50988141305535,
                77.59481227610603,
                76.50567755065524
            ],
            "mean": 77.21104324388048,
            "std": 0.5885224169093681
        }
    },
    "CF*": {
        "accuracy": {
            "values": [
                86.0,
                85.33333333333334,
                86.66666666666667,
                85.33333333333334,
                85.66666666666667
            ],
            "mean": 85.80000000000001,
            "std": 0.4988876515698567
        },
        "macro_fscore": {
            "values": [
                69.73618774057748,
                69.06023042616727,
                70.34390609129083,
                69.15813638416377,
                69.3863408751049
            ],
            "mean": 69.53696030346084,
            "std": 0.46568620897141483
        },
        "weighted_fscore": {
            "values": [
                84.78048748655334,
                84.13355045300254,
                85.43055349033654,
                84.14095265465129,
                84.42515287459109
            ],
            "mean": 84.58213939182697,
            "std": 0.4857305814791947
        }
    },
    "Web": {
        "accuracy": {
            "values": [
                91.9713531850735,
                91.06671692423672,
                91.93366000753863,
                92.00904636260837,
                88.27742178665662
            ],
            "mean": 91.05163965322276,
            "std": 1.430871943155604
        },
        "macro_fscore": {
            "values": [
                92.07418660458879,
                90.90872046936184,
                91.9418597780469,
                91.86559951912812,
                88.28199538055085
            ],
            "mean": 91.01447235033531,
            "std": 1.4272402075288295
        },
        "weighted_fscore": {
            "values": [
                91.89946567341879,
                91.00325814996914,
                91.88780515275778,
                91.97217828428052,
                88.07502997289299
            ],
            "mean": 90.96754744666384,
            "std": 1.489467121978461
        }
    },
    "CF": {
        "accuracy": {
            "values": [
                91.66666666666666,
                88.33333333333333,
                89.66666666666666,
                90.33333333333333,
                90.33333333333333
            ],
            "mean": 90.06666666666665,
            "std": 1.083205120618127
        },
        "macro_fscore": {
            "values": [
                83.06530573260572,
                71.47776539788653,
                72.70658246444313,
                82.37833095830487,
                82.38254515619964
            ],
            "mean": 78.40210594188798,
            "std": 5.172720244892185
        },
        "weighted_fscore": {
            "values": [
                91.31214568015477,
                87.19811751585314,
                88.42319127596505,
                90.2887926845015,
                90.33173362018601
            ],
            "mean": 89.51079615533209,
            "std": 1.4869730255996259
        }
    },
    "MS": {
        "accuracy": {
            "values": [
                77.71428571428571,
                77.71428571428571,
                77.71428571428571,
                76.28571428571429,
                71.14285714285714
            ],
            "mean": 76.11428571428571,
            "std": 2.546546280589393
        },
        "macro_fscore": {
            "values": [
                77.95980137866755,
                78.0913254603184,
                78.03487585290452,
                76.26812590669391,
                71.48820421874585
            ],
            "mean": 76.36846656346606,
            "std": 2.5339509858384353
        },
        "weighted_fscore": {
            "values": [
                77.87809142435496,
                77.94552269082334,
                77.97151684341138,
                76.15085284943206,
                71.38700151838992
            ],
            "mean": 76.26659706528234,
            "std": 2.535598793186012
        }
    },